"id","issue_id","actor_id","actor_login","repo_id","type"
"1","278323099","6277322","sorpaas","4542716","IssueCommentEvent"
"2","306196845","1802933","Zerowalker","6520784","IssueCommentEvent"
"3","324845642","1050156","lmazuel","4127088","PullRequestEvent"
"4","353833696","17787537","malmuzaini","11125589","PullRequestReviewCommentEvent"
"5","353833696","17787537","malmuzaini","11125589","PullRequestReviewCommentEvent"
"6","353833696","17787537","malmuzaini","11125589","PullRequestReviewCommentEvent"
"7","353833696","17787537","malmuzaini","11125589","PullRequestReviewCommentEvent"
"8","353833696","17787537","malmuzaini","11125589","PullRequestReviewCommentEvent"
"9","353833696","17787537","malmuzaini","11125589","PullRequestReviewCommentEvent"
"10","353833696","17787537","malmuzaini","11125589","PullRequestReviewCommentEvent"
"11","355305812","1160355","pbelevich","65600975","PullRequestReviewCommentEvent"
"12","355305812","1160355","pbelevich","65600975","PullRequestReviewCommentEvent"
"13","355305812","1160355","pbelevich","65600975","PullRequestReviewCommentEvent"
"14","355305812","1160355","pbelevich","65600975","PullRequestReviewCommentEvent"
"15","355305812","1160355","pbelevich","65600975","PullRequestReviewCommentEvent"
"16","355305812","1160355","pbelevich","65600975","PullRequestReviewCommentEvent"
"17","355305812","1160355","pbelevich","65600975","PullRequestReviewCommentEvent"
"18","355305812","1160355","pbelevich","65600975","PullRequestReviewCommentEvent"
"19","355305812","1160355","pbelevich","65600975","PullRequestReviewCommentEvent"
"20","355305812","1160355","pbelevich","65600975","PullRequestReviewCommentEvent"
"21","355305812","1160355","pbelevich","65600975","PullRequestReviewCommentEvent"
"22","355305812","5652049","zou3519","65600975","PullRequestReviewCommentEvent"
"23","355305812","5652049","zou3519","65600975","PullRequestReviewCommentEvent"
"24","355305812","5652049","zou3519","65600975","PullRequestReviewCommentEvent"
"25","355546054","9102141","hellock","145670234","PullRequestEvent"
"26","357627766","15846848","remijnj","105010691","PullRequestEvent"
"27","357690903","2584963","drashna","27737393","PullRequestReviewCommentEvent"
"28","357812324","5131747","cweitkamp","19753195","PullRequestEvent"
"29","357908083","1315533","benjamingr","27193779","PullRequestReviewCommentEvent"
"30","357908083","1315533","benjamingr","27193779","PullRequestReviewCommentEvent"
"31","358208790","1223799","Hotell","100061716","PullRequestReviewCommentEvent"
"32","358377338","12003569","qinhanmin2014","843222","PullRequestEvent"
"33","358429501","45977823","ramya0820","108311273","PullRequestEvent"
"34","358436979","172399","egamma","41881900","PullRequestEvent"
"35","358436979","39345336","crydotsnake","41881900","PullRequestEvent"
"36","358439308","8648854","Lauragra","45865171","PullRequestEvent"
"37","358439308","55606185","ananmishr","45865171","PullRequestEvent"
"38","358441188","48257664","YijunXieMS","4127088","PullRequestEvent"
"39","358441514","10452642","HarshaNalluru","108311273","PullRequestEvent"
"40","358444887","4758","ejunker","7548986","PullRequestEvent"
"41","358466180","1976","sqs","41288708","PullRequestEvent"
"42","358470911","18669334","noroadsleft","27737393","PullRequestReviewCommentEvent"
"43","358470911","66073","thinxer","27737393","PullRequestReviewCommentEvent"
"44","358470911","66073","thinxer","27737393","PullRequestReviewCommentEvent"
"45","358470911","4781841","fauxpark","27737393","PullRequestReviewCommentEvent"
"46","358470911","4781841","fauxpark","27737393","PullRequestReviewCommentEvent"
"47","358472647","42134639","mzmaili","72685026","PullRequestEvent"
"48","358474953","48388358","ejez","43441403","PullRequestEvent"
"49","358480266","34737471","themechanicalcoder","5108051","PullRequestEvent"
"50","358484482","3372342","bors","724712","PullRequestEvent"
"51","358484482","27660514","mental32","724712","PullRequestEvent"
"52","358501760","368084","Quy","2464908","PullRequestReviewCommentEvent"
"53","358501760","876623","810","2464908","PullRequestReviewCommentEvent"
"54","358501760","368084","Quy","2464908","PullRequestReviewCommentEvent"
"55","358501760","876623","810","2464908","PullRequestReviewCommentEvent"
"56","358501760","368084","Quy","2464908","PullRequestReviewCommentEvent"
"57","358501760","368084","Quy","2464908","PullRequestReviewCommentEvent"
"58","358527483","7189418","ollie27","724712","PullRequestEvent"
"59","358528005","6313872","reporobot","15783450","PullRequestEvent"
"60","358528005","59150202","bmark88","15783450","PullRequestEvent"
"61","358529539","3065230","ronag","27193779","PullRequestReviewCommentEvent"
"62","358529539","26544566","vighnesh153","27193779","PullRequestReviewCommentEvent"
"63","358529539","51901748","tavisca-vraut","27193779","PullRequestReviewCommentEvent"
"64","358539918","18356021","andresnava","72685026","PullRequestEvent"
"65","358540187","4013349","hongkailiu","75224144","PullRequestEvent"
"66","358541057","49004749","azclibot","51040886","PullRequestEvent"
"67","358541057","49004749","azclibot","51040886","PullRequestEvent"
"68","358556902","25588015","awkannan","27737393","PullRequestReviewCommentEvent"
"69","358556902","25588015","awkannan","27737393","PullRequestReviewCommentEvent"
"70","358639241","114501","vrutkovs","75224144","PullRequestEvent"
"71","358705570","45985406","NextTurn","72685026","PullRequestEvent"
"72","358705968","45985406","NextTurn","72685026","PullRequestEvent"
"73","358706150","45985406","NextTurn","72685026","PullRequestEvent"
"74","358728711","426437","alexmt","120896210","PullRequestEvent"
"75","358728711","426437","alexmt","120896210","PullRequestEvent"
"76","358740659","5430778","g2vinay","2928948","PullRequestEvent"
"77","358756422","14154054","rakshith91","4127088","PullRequestEvent"
"78","358764748","5954907","awesomekling","160083795","PullRequestEvent"
"79","358764748","9888","jcs","160083795","PullRequestEvent"
"80","358765549","5402633","thomasjpfan","843222","PullRequestEvent"
"81","358769738","33166947","chrisda","119072000","PullRequestEvent"
"82","358769738","45987684","msbemba","119072000","PullRequestEvent"
"83","358816329","2158838","danieljurek","2928948","PullRequestEvent"
"84","358825933","10452642","HarshaNalluru","108311273","PullRequestEvent"
"85","358826117","48335676","macolso","72685026","PullRequestEvent"
"86","358829961","463230","taylorotwell","7548986","PullRequestEvent"
"87","358829961","463230","taylorotwell","7548986","PullRequestEvent"
"88","358831217","8648854","Lauragra","45865171","PullRequestEvent"
"89","358831217","34143250","Jackson-Woods","45865171","PullRequestEvent"
"90","358842206","44591739","outinyman","72685026","PullRequestEvent"
"91","358844865","44591739","outinyman","72685026","PullRequestEvent"
"92","378403960","78827","jnothman","843222","IssueCommentEvent"
"93","378403960","78827","jnothman","843222","IssueCommentEvent"
"94","448692247","26384082","stale[bot]","136202695","IssueCommentEvent"
"95","479614802","12612165","Mugen87","576201","IssueCommentEvent"
"96","479614802","97088","mrdoob","576201","IssueCommentEvent"
"97","487761807","26384082","stale[bot]","33884891","IssueCommentEvent"
"98","489676920","26384082","stale[bot]","136202695","IssueCommentEvent"
"99","495302316","1659004","ryanbr","110178895","IssueCommentEvent"
"100","507429155","670302","houqp","33884891","IssueCommentEvent"
"101","518125733","26384082","stale[bot]","52855516","IssueCommentEvent"
"102","519890782","26384082","stale[bot]","52855516","IssueCommentEvent"
"103","520306822","4008895","markflyhigh","50904245","IssueCommentEvent"
"104","520306822","4008895","markflyhigh","50904245","IssueCommentEvent"
"105","520306822","61807","ihji","50904245","IssueCommentEvent"
"106","520306822","61807","ihji","50904245","IssueCommentEvent"
"107","520306822","61807","ihji","50904245","IssueCommentEvent"
"108","520306822","61807","ihji","50904245","IssueCommentEvent"
"109","522582831","26384082","stale[bot]","52855516","IssueCommentEvent"
"110","523878465","26384082","stale[bot]","52855516","IssueCommentEvent"
"111","528947390","50314","atombender","110178895","IssueCommentEvent"
"112","535452935","594614","driesvints","7548986","IssueCommentEvent"
"113","535524931","26384082","stale[bot]","52855516","IssueCommentEvent"
"114","537274904","26384082","stale[bot]","136202695","IssueCommentEvent"
"115","537778024","1282691","KristofferC","1644196","IssueCommentEvent"
"116","538463521","46174543","PascalYIN","5108051","IssueCommentEvent"
"117","538463521","46174543","PascalYIN","5108051","IssueCommentEvent"
"118","539224068","13140602","josjo80","71932349","IssueCommentEvent"
"119","539947844","40183961","rob-solana","121470383","IssueCommentEvent"
"120","540477640","9574457","NejcZdovc","110198384","IssueCommentEvent"
"121","540559937","14922","ericl","71932349","IssueCommentEvent"
"122","540559937","14922","ericl","71932349","IssueCommentEvent"
"123","541354538","22290914","iSazonov","49609581","IssueCommentEvent"
"124","541354538","22290914","iSazonov","49609581","IssueCommentEvent"
"125","541354538","50416455","spongemike2","49609581","IssueCommentEvent"
"126","541602227","1107773","UnbrandedTech","43441403","IssueCommentEvent"
"127","541602227","1107773","UnbrandedTech","43441403","IssueCommentEvent"
"128","541710407","9574457","NejcZdovc","110198384","IssueCommentEvent"
"129","541982053","3449314","essandess","70365100","IssueCommentEvent"
"130","541982053","6388985","lhaeger","70365100","IssueCommentEvent"
"131","541982053","127273","jkbullard","70365100","IssueCommentEvent"
"132","542270929","26231126","NilsIrl","4542716","IssueCommentEvent"
"133","542290218","36970042","rishabsingh3003","7512484","IssueCommentEvent"
"134","542635772","15983921","Khrin","55228249","IssueCommentEvent"
"135","542635772","585534","gorhill","55228249","IssueCommentEvent"
"136","542710013","10819857","chamikaramj","50904245","IssueCommentEvent"
"137","542717631","7971419","qq645381995","34526884","IssueCommentEvent"
"138","542717631","5378891","zombieJ","34526884","IssueCommentEvent"
"139","542717631","7971419","qq645381995","34526884","IssueCommentEvent"
"140","542717631","7971419","qq645381995","34526884","IssueCommentEvent"
"141","542717631","5378891","zombieJ","34526884","IssueCommentEvent"
"142","542717631","7971419","qq645381995","34526884","IssueCommentEvent"
"143","543014018","677956","sebseb7","13233158","IssueCommentEvent"
"144","543014018","6519624","Fenrirthviti","13233158","IssueCommentEvent"
"145","543073707","29775873","xrkffgg","34526884","IssueCommentEvent"
"146","543266509","744556","JeffBezanson","1644196","IssueCommentEvent"
"147","543304018","357361","Arthur-Milchior","7716883","IssueCommentEvent"
"148","543304018","2818274","timrae","7716883","IssueCommentEvent"
"149","543356644","595491","potiuk","33884891","IssueCommentEvent"
"150","543356644","595491","potiuk","33884891","IssueCommentEvent"
"151","543356644","595491","potiuk","33884891","IssueCommentEvent"
"152","543356644","33283496","tooptoop4","33884891","IssueCommentEvent"
"153","543356644","33283496","tooptoop4","33884891","IssueCommentEvent"
"154","543659538","7454015","glemaitre","843222","IssueCommentEvent"
"155","543659538","7454015","glemaitre","843222","IssueCommentEvent"
"156","543924459","2893260","andyp1per","7512484","IssueCommentEvent"
"157","543924459","1498098","rmackay9","7512484","IssueCommentEvent"
"158","543924459","2893260","andyp1per","7512484","IssueCommentEvent"
"159","544023859","1498098","rmackay9","7512484","IssueCommentEvent"
"160","544054172","17261190","ran-dall","3623050","IssueCommentEvent"
"161","544105877","29775873","xrkffgg","34526884","IssueCommentEvent"
"162","544205054","4306058","paisanousa","35890081","IssueCommentEvent"
"163","544209756","8684355","johnnychen94","1644196","IssueCommentEvent"
"164","544213451","89061","ogrisel","843222","IssueCommentEvent"
"165","544222994","11503453","jozefcipa","43441403","IssueCommentEvent"
"166","544225059","16067358","khouloudbelguith","6763587","IssueCommentEvent"
"167","544240085","8576139","ujvl","71932349","IssueCommentEvent"
"168","544242341","27350","kou","51905353","IssueCommentEvent"
"169","544242341","41898282","github-actions[bot]","51905353","IssueCommentEvent"
"170","544242341","27350","kou","51905353","IssueCommentEvent"
"171","544242341","41898282","github-actions[bot]","51905353","IssueCommentEvent"
"172","544248162","16067358","khouloudbelguith","6763587","IssueCommentEvent"
"173","544255052","89061","ogrisel","843222","IssueCommentEvent"
"174","544257819","31348972","Youssef1313","35890081","IssueCommentEvent"
"175","544264446","712232","yuyichao","1644196","IssueCommentEvent"
"176","544264446","330950","vtjnash","1644196","IssueCommentEvent"
"177","544264446","712232","yuyichao","1644196","IssueCommentEvent"
"178","544264446","330950","vtjnash","1644196","IssueCommentEvent"
"179","544264446","712232","yuyichao","1644196","IssueCommentEvent"
"180","544277948","2129135","FRidh","4542716","IssueCommentEvent"
"181","544279497","113316","pcmoritz","71932349","IssueCommentEvent"
"182","544279497","523212","mehrdadn","71932349","IssueCommentEvent"
"183","544279602","1498098","rmackay9","7512484","IssueCommentEvent"
"184","544290085","4031291","AmplabJenkins","71932349","IssueCommentEvent"
"185","544291910","7268384","justinharris1986","2884111","IssueCommentEvent"
"186","544291910","31669971","magento-engcom-team","2884111","IssueCommentEvent"
"187","544291910","7268384","justinharris1986","2884111","IssueCommentEvent"
"188","544291910","31669971","magento-engcom-team","2884111","IssueCommentEvent"
"189","544291910","7268384","justinharris1986","2884111","IssueCommentEvent"
"190","544291910","7268384","justinharris1986","2884111","IssueCommentEvent"
"191","544291910","31669971","magento-engcom-team","2884111","IssueCommentEvent"
"192","544291910","7268384","justinharris1986","2884111","IssueCommentEvent"
"193","544291910","31669971","magento-engcom-team","2884111","IssueCommentEvent"
"194","544291910","7268384","justinharris1986","2884111","IssueCommentEvent"
"195","544293455","2768870","alyssais","4542716","IssueCommentEvent"
"196","544296422","17261190","ran-dall","3623050","IssueCommentEvent"
"197","544296607","20525370","Infinisil","4542716","IssueCommentEvent"
"198","544299016","839693","mrVanDalo","4542716","IssueCommentEvent"
"199","544300722","12612165","Mugen87","576201","IssueCommentEvent"
"200","544302286","1580956","chenrui333","52855516","IssueCommentEvent"
"201","544302414","2829600","GrahamCampbell","7548986","IssueCommentEvent"
"202","544302414","2829600","GrahamCampbell","7548986","IssueCommentEvent"
"203","544302561","26402182","stephenxudong","71932349","IssueCommentEvent"
"204","544306625","14922","ericl","71932349","IssueCommentEvent"
"205","544312783","41898282","github-actions[bot]","51905353","IssueCommentEvent"
"206","544313319","41898282","github-actions[bot]","51905353","IssueCommentEvent"
"207","544320729","134740","agrunnet","46374199","IssueCommentEvent"
"208","544320729","7953422","kafan1986","46374199","IssueCommentEvent"
"209","544326002","4031291","AmplabJenkins","71932349","IssueCommentEvent"
"210","544334162","886325","gwarser","55228249","IssueCommentEvent"
"211","544334162","886325","gwarser","55228249","IssueCommentEvent"
"212","544347313","17728506","Stellarspace","3623050","IssueCommentEvent"
"213","544352217","22290914","iSazonov","49609581","IssueCommentEvent"
"214","544363428","7080614","soly2014","7548986","IssueCommentEvent"
"215","544381105","831867","tridge","7512484","IssueCommentEvent"
"216","544382330","2843439","philipto","24410210","IssueCommentEvent"
"217","544382952","14922","ericl","71932349","IssueCommentEvent"
"218","544382952","30052148","RenShuhuai-Andy","71932349","IssueCommentEvent"
"219","544382952","14922","ericl","71932349","IssueCommentEvent"
"220","544398742","26471","andersk","4542716","IssueCommentEvent"
"221","544398742","157610","pbogdan","4542716","IssueCommentEvent"
"222","544401841","40281591","Baxusfox","6520784","IssueCommentEvent"
"223","544405507","1580956","chenrui333","52855516","IssueCommentEvent"
"224","544417973","1580956","chenrui333","52855516","IssueCommentEvent"
"225","544420081","2237996","jameslnewell","45936895","IssueCommentEvent"
"226","544420081","18333116","matticbot","45936895","IssueCommentEvent"
"227","544434386","10582418","ishendyweb","7548986","IssueCommentEvent"
"228","544434386","10582418","ishendyweb","7548986","IssueCommentEvent"
"229","544438424","594614","driesvints","7548986","IssueCommentEvent"
"230","544438424","87493","mfn","7548986","IssueCommentEvent"
"231","544438424","686843","jmarcher","7548986","IssueCommentEvent"
"232","544455020","41898282","github-actions[bot]","51905353","IssueCommentEvent"
"233","544455737","55486496","TusharManohar","43441403","IssueCommentEvent"
"234","544469698","41898282","github-actions[bot]","51905353","IssueCommentEvent"
"235","544498783","89061","ogrisel","843222","IssueCommentEvent"
"236","544506631","12058428","mik-laj","33884891","IssueCommentEvent"
"237","544506631","9528307","nuclearpinguin","33884891","IssueCommentEvent"
"238","544520967","47118050","joinimran","119072000","IssueCommentEvent"
"239","544520967","47118050","joinimran","119072000","IssueCommentEvent"
"240","544529482","20774","Dieterbe","15111821","IssueCommentEvent"
"241","544529482","10999","torkelo","15111821","IssueCommentEvent"
"242","544529482","20774","Dieterbe","15111821","IssueCommentEvent"
"243","544531262","5951041","rebron","110178895","IssueCommentEvent"
"244","544531262","37921982","luxintra","110178895","IssueCommentEvent"
"245","544568193","23303886","BalaBalaYi","71932349","IssueCommentEvent"
"246","544568193","4031291","AmplabJenkins","71932349","IssueCommentEvent"
"247","544590523","97088","mrdoob","576201","IssueCommentEvent"
"248","544623432","8347743","roeljohn","34526884","IssueCommentEvent"
"249","544623432","3478203","zachguo","34526884","IssueCommentEvent"
"250","544632103","11698744","fredrikekre","1644196","IssueCommentEvent"
"251","544692782","58606735","cbucks","201546443","IssueCommentEvent"
"252","544692782","3277207","kolya182","201546443","IssueCommentEvent"
"253","544692782","3277207","kolya182","201546443","IssueCommentEvent"
"254","544692888","97088","mrdoob","576201","IssueCommentEvent"
"255","544718314","47188252","mypil","119072000","IssueCommentEvent"
"256","544718314","45987684","msbemba","119072000","IssueCommentEvent"
"257","544726937","47188252","mypil","119072000","IssueCommentEvent"
"258","544738965","4031291","AmplabJenkins","71932349","IssueCommentEvent"
"259","544756599","11729272","oscardssmith","1644196","IssueCommentEvent"
"260","350828480","8648854","Lauragra","45865171","PullRequestEvent"
"261","355305812","1160355","pbelevich","65600975","PullRequestReviewCommentEvent"
"262","355305812","1160355","pbelevich","65600975","PullRequestReviewCommentEvent"
"263","355305812","1160355","pbelevich","65600975","PullRequestReviewCommentEvent"
"264","355305812","5652049","zou3519","65600975","PullRequestReviewCommentEvent"
"265","355305812","5652049","zou3519","65600975","PullRequestReviewCommentEvent"
"266","355305812","1160355","pbelevich","65600975","PullRequestReviewCommentEvent"
"267","355305812","1160355","pbelevich","65600975","PullRequestReviewCommentEvent"
"268","355305812","1160355","pbelevich","65600975","PullRequestReviewCommentEvent"
"269","355305812","5652049","zou3519","65600975","PullRequestReviewCommentEvent"
"270","355305812","1160355","pbelevich","65600975","PullRequestReviewCommentEvent"
"271","385846177","1986000","wilsonge","2464908","PullRequestEvent"
"272","494144436","31018228","Itay4","60525392","PullRequestReviewEvent"
"273","494144436","31018228","Itay4","60525392","PullRequestReviewEvent"
"274","494144436","11165655","jochman","60525392","PullRequestReviewEvent"
"275","494144436","11165655","jochman","60525392","PullRequestReviewEvent"
"276","494144436","31018228","Itay4","60525392","PullRequestReviewEvent"
"277","494144436","31018228","Itay4","60525392","PullRequestReviewEvent"
"278","643626335","15213781","ChenTanyi","2928948","IssueCommentEvent"
"279","643638284","467069","TurboGit","3791835","IssueCommentEvent"
"280","494072486","460937","skinny85","105808767","PullRequestReviewEvent"
"281","494072486","32604953","shivlaks","105808767","PullRequestReviewEvent"
"282","494072486","1428812","iliapolo","105808767","PullRequestReviewEvent"
"283","495218920","1589480","BrewTestBot","3623050","PullRequestReviewEvent"
"284","577730109","22591623","sftim","51478266","IssueCommentEvent"
"285","494574842","34589752","Yiyiyimu","180481986","PullRequestReviewEvent"
"286","494574842","10428333","tokers","180481986","PullRequestReviewEvent"
"287","567551818","4031291","AmplabJenkins","17165658","IssueCommentEvent"
"288","567551818","8108735","SparkQA","17165658","IssueCommentEvent"
"289","567551818","4031291","AmplabJenkins","17165658","IssueCommentEvent"
"290","567551818","4031291","AmplabJenkins","17165658","IssueCommentEvent"
"291","567551818","8108735","SparkQA","17165658","IssueCommentEvent"
"292","567551818","8108735","SparkQA","17165658","IssueCommentEvent"
"293","567551818","4031291","AmplabJenkins","17165658","IssueCommentEvent"
"294","567551818","8108735","SparkQA","17165658","IssueCommentEvent"
"295","567551818","18561820","gaborgsomogyi","17165658","IssueCommentEvent"
"296","567551818","4031291","AmplabJenkins","17165658","IssueCommentEvent"
"297","567551818","8108735","SparkQA","17165658","IssueCommentEvent"
"298","567551818","18561820","gaborgsomogyi","17165658","IssueCommentEvent"
"299","567551818","4031291","AmplabJenkins","17165658","IssueCommentEvent"
"300","567551818","8108735","SparkQA","17165658","IssueCommentEvent"
"301","575804827","22591623","sftim","51478266","IssueCommentEvent"
"302","641545261","18218145","AutorestCI","39093389","IssueCommentEvent"
"303","641545261","2806980","ravbhatnagar","39093389","IssueCommentEvent"
"304","641545261","18218145","AutorestCI","39093389","IssueCommentEvent"
"305","641545261","1087595","azuresdkci","39093389","IssueCommentEvent"
"306","641545261","18218145","AutorestCI","39093389","IssueCommentEvent"
"307","711471004","18581488","alexey-milovidov","60246359","IssueCommentEvent"
"308","385550060","4374975","geoand","139914932","PullRequestReviewCommentEvent"
"309","424065950","48421688","ahesford","137503442","PullRequestEvent"
"310","437549038","19503980","kshitij12345","65600975","PullRequestReviewCommentEvent"
"311","437549038","15841449","ngimel","65600975","PullRequestReviewCommentEvent"
"312","437549038","15841449","ngimel","65600975","PullRequestReviewCommentEvent"
"313","437549038","19503980","kshitij12345","65600975","PullRequestReviewCommentEvent"
"314","437549038","15841449","ngimel","65600975","PullRequestReviewCommentEvent"
"315","508040855","8488446","Roshanjossey","68720867","PullRequestEvent"
"316","643846625","9998726","peterjc123","65600975","IssueCommentEvent"
"317","643846625","30471072","NavpreetDevpuri","65600975","IssueCommentEvent"
"318","643846625","9998726","peterjc123","65600975","IssueCommentEvent"
"319","409314307","2065803","Chocimier","137503442","PullRequestEvent"
"320","639964757","18218145","AutorestCI","39093389","IssueCommentEvent"
"321","639964757","18218145","AutorestCI","39093389","IssueCommentEvent"
"322","639964757","57385816","akning-ms","39093389","IssueCommentEvent"
"323","639964757","2806980","ravbhatnagar","39093389","IssueCommentEvent"
"324","639964757","18218145","AutorestCI","39093389","IssueCommentEvent"
"325","639964757","2346051","NullMDR","39093389","IssueCommentEvent"
"326","639964757","2346051","NullMDR","39093389","IssueCommentEvent"
"327","639964757","18218145","AutorestCI","39093389","IssueCommentEvent"
"328","639964757","1087595","azuresdkci","39093389","IssueCommentEvent"
"329","639964757","18218145","AutorestCI","39093389","IssueCommentEvent"
"330","513190058","227317","abenson","137503442","PullRequestEvent"
"331","510216644","8488446","Roshanjossey","68720867","PullRequestEvent"
"332","643723906","317464","saghul","15225670","IssueCommentEvent"
"333","459531546","29109345","KCCross","119072000","PullRequestEvent"
"334","380453823","8648854","Lauragra","45865171","PullRequestEvent"
"335","335130012","8648854","Lauragra","45865171","PullRequestEvent"
"336","385720377","23238955","Piraty","137503442","PullRequestEvent"
"337","385720377","13874853","zdykstra","137503442","PullRequestEvent"
"338","495175487","37420160","tjkandala","41288708","PullRequestEvent"
"339","495175487","37420160","tjkandala","41288708","PullRequestEvent"
"340","636954307","44810214","justinrhodes1","6093316","IssueCommentEvent"
"341","636954307","185905","elibarzilay","6093316","IssueCommentEvent"
"342","642227231","56872411","AnastasiaKazantaeva","153097643","IssueCommentEvent"
"343","642227231","22572387","tomdol","153097643","IssueCommentEvent"
"344","642227231","2566854","ilya-lavrenov","153097643","IssueCommentEvent"
"345","492101399","216080","nikic","1903522","PullRequestReviewEvent"
"346","492101399","7906688","Girgias","1903522","PullRequestReviewEvent"
"347","492101399","216080","nikic","1903522","PullRequestReviewEvent"
"348","492101399","216080","nikic","1903522","PullRequestReviewEvent"
"349","492101399","216080","nikic","1903522","PullRequestReviewCommentEvent"
"350","492101399","216080","nikic","1903522","PullRequestReviewCommentEvent"
"351","492101399","216080","nikic","1903522","PullRequestReviewEvent"
"352","492101399","216080","nikic","1903522","PullRequestReviewEvent"
"353","492101399","25978241","twose","1903522","PullRequestReviewEvent"
"354","492101399","2510034","dstogov","1903522","PullRequestReviewCommentEvent"
"355","577309983","14351070","Regalis11","93301055","IssueCommentEvent"
"356","635854095","185905","elibarzilay","6093316","IssueCommentEvent"
"357","578128993","4031291","AmplabJenkins","17165658","IssueCommentEvent"
"358","578128993","4031291","AmplabJenkins","17165658","IssueCommentEvent"
"359","578128993","8108735","SparkQA","17165658","IssueCommentEvent"
"360","711463321","44452903","aced125","155220641","IssueCommentEvent"
"361","711606923","26384082","stale[bot]","155220641","IssueCommentEvent"
"362","711606923","27137566","patil-suraj","155220641","IssueCommentEvent"
"363","574962265","3646147","otan","16563587","IssueCommentEvent"
"364","574962265","3646147","otan","16563587","IssueCommentEvent"
"365","577789176","1296369","brianteeman","2464908","IssueCommentEvent"
"366","577789176","1986000","wilsonge","2464908","IssueCommentEvent"
"367","577533249","15904127","kd-11","6520784","IssueCommentEvent"
"368","643660905","14008915","underfin","257485422","IssueCommentEvent"
"369","643660905","6840287","MarvinRudolph","257485422","IssueCommentEvent"
"370","643686406","62039782","vscode-triage-bot","246777728","IssueCommentEvent"
"371","376792262","7826565","practicalswift","1181927","PullRequestReviewCommentEvent"
"372","376792262","7826565","practicalswift","1181927","PullRequestReviewCommentEvent"
"373","376792262","7826565","practicalswift","1181927","PullRequestReviewCommentEvent"
"374","376792262","7826565","practicalswift","1181927","PullRequestReviewCommentEvent"
"375","376792262","7826565","practicalswift","1181927","PullRequestReviewCommentEvent"
"376","376792262","7826565","practicalswift","1181927","PullRequestReviewCommentEvent"
"377","376792262","6399679","MarcoFalke","1181927","PullRequestReviewCommentEvent"
"378","376792262","6399679","MarcoFalke","1181927","PullRequestReviewCommentEvent"
"379","438156559","54133","gastaldi","139914932","PullRequestEvent"
"380","438156559","704239","patriot1burke","139914932","PullRequestEvent"
"381","495120529","206864","limitedmage","41288708","PullRequestEvent"
"382","506215375","8488446","Roshanjossey","68720867","PullRequestEvent"
"383","567212946","22278911","awoods187","16563587","IssueCommentEvent"
"384","567212946","15331872","rohany","16563587","IssueCommentEvent"
"385","643616523","62039782","vscode-triage-bot","246777728","IssueCommentEvent"
"386","567212946","6658984","fantapop","16563587","IssueCommentEvent"
"387","504659341","8488446","Roshanjossey","68720867","PullRequestEvent"
"388","383104822","39833368","nathanhunstad","60525392","PullRequestReviewCommentEvent"
"389","383104822","39833368","nathanhunstad","60525392","PullRequestReviewCommentEvent"
"390","383104822","39833368","nathanhunstad","60525392","PullRequestReviewCommentEvent"
"391","383104822","39833368","nathanhunstad","60525392","PullRequestReviewCommentEvent"
"392","385606839","7601649","rgo-odoo","19745004","PullRequestEvent"
"393","494151895","8104246","FrozenPandaz","100061716","PullRequestReviewEvent"
"394","494151895","8104246","FrozenPandaz","100061716","PullRequestReviewEvent"
"395","578240361","43526425","j1a2","17620347","IssueCommentEvent"
"396","503385051","8488446","Roshanjossey","68720867","PullRequestEvent"
"397","495277618","712067","lioncash","116167731","PullRequestReviewEvent"
"398","495277618","39850852","Morph1984","116167731","PullRequestReviewEvent"
"399","641873355","15837671","elasticmachine","507775","IssueCommentEvent"
"400","491186384","2927207","arrownj","51040886","PullRequestReviewEvent"
"401","495070439","53292327","weidongxu-microsoft","39093389","PullRequestReviewEvent"
"402","509036412","8488446","Roshanjossey","68720867","PullRequestEvent"
"403","643556450","10452642","HarshaNalluru","108311273","IssueCommentEvent"
"404","643556450","10452642","HarshaNalluru","108311273","IssueCommentEvent"
"405","643556450","10452642","HarshaNalluru","108311273","IssueCommentEvent"
"406","643556450","10452642","HarshaNalluru","108311273","IssueCommentEvent"
"407","643556450","10452642","HarshaNalluru","108311273","IssueCommentEvent"
"408","643705042","886074","teto","16408992","IssueCommentEvent"
"409","643800384","1562801","bpintea","507775","IssueCommentEvent"
"410","643800384","1562801","bpintea","507775","IssueCommentEvent"
"411","643800384","1562801","bpintea","507775","IssueCommentEvent"
"412","385198842","18730868","zsarnett","38982731","PullRequestReviewCommentEvent"
"413","385198842","18730868","zsarnett","38982731","PullRequestReviewCommentEvent"
"414","385198842","1444314","balloob","38982731","PullRequestReviewCommentEvent"
"415","385198842","18730868","zsarnett","38982731","PullRequestReviewCommentEvent"
"416","385198842","18730868","zsarnett","38982731","PullRequestReviewCommentEvent"
"417","385198842","1444314","balloob","38982731","PullRequestReviewCommentEvent"
"418","385198842","1444314","balloob","38982731","PullRequestReviewCommentEvent"
"419","385198842","1444314","balloob","38982731","PullRequestReviewCommentEvent"
"420","385198842","18730868","zsarnett","38982731","PullRequestReviewCommentEvent"
"421","385198842","1444314","balloob","38982731","PullRequestReviewCommentEvent"
"422","711504255","2544323","optimumtact","3234987","IssueCommentEvent"
"423","438412202","28882257","guanshengliang","196353673","PullRequestEvent"
"424","438412202","8252296","hjxilinx","196353673","PullRequestEvent"
"425","544105877","29775873","xrkffgg","34526884","IssueCommentEvent"
"426","544105877","4272864","7Charlotte","34526884","IssueCommentEvent"
"427","372695682","13802545","Hoshpak","137503442","PullRequestEvent"
"428","385517510","23238955","Piraty","137503442","PullRequestEvent"
"429","385517510","39646700","mobinmob","137503442","PullRequestEvent"
"430","421985833","23238955","Piraty","137503442","PullRequestEvent"
"431","399834679","2193314","Tyriar","41881900","PullRequestEvent"
"432","439706032","23238955","Piraty","137503442","PullRequestEvent"
"433","503560063","6313872","reporobot","15783450","PullRequestEvent"
"434","369103614","2065803","Chocimier","137503442","PullRequestEvent"
"435","494921940","17897861","ev-mp","46374199","PullRequestReviewEvent"
"436","494921940","55648466","remibettan","46374199","PullRequestReviewCommentEvent"
"437","494921940","55648466","remibettan","46374199","PullRequestReviewEvent"
"438","578230474","29463364","ecstatic-morse","724712","IssueCommentEvent"
"439","395785262","8648854","Lauragra","45865171","PullRequestEvent"
"440","642856195","2806980","ravbhatnagar","39093389","IssueCommentEvent"
"441","642856195","2806980","ravbhatnagar","39093389","IssueCommentEvent"
"442","642856195","18218145","AutorestCI","39093389","IssueCommentEvent"
"443","642856195","18218145","AutorestCI","39093389","IssueCommentEvent"
"444","642856195","1087595","azuresdkci","39093389","IssueCommentEvent"
"445","642856195","18218145","AutorestCI","39093389","IssueCommentEvent"
"446","643371772","75517","FrancescoBorzi","61980658","IssueCommentEvent"
"447","643371772","47708113","tatense","61980658","IssueCommentEvent"
"448","523878465","26384082","stale[bot]","52855516","IssueCommentEvent"
"449","577976376","16360182","VarmaTech","31792824","IssueCommentEvent"
"450","643412653","499550","yyx990803","257485422","IssueCommentEvent"
"451","643834174","18218145","AutorestCI","39093389","IssueCommentEvent"
"452","401499655","191684","syucream","20587599","IssueCommentEvent"
"453","438652366","54940324","fw-bot","19745004","PullRequestEvent"
"454","504962201","8488446","Roshanjossey","68720867","PullRequestEvent"
"455","641839554","9105133","Biratus","139914932","IssueCommentEvent"
"456","495110251","759372","mcomella","126314606","PullRequestReviewEvent"
"457","495110251","16614353","MarcLeclair","126314606","PullRequestReviewEvent"
"458","495110251","16614353","MarcLeclair","126314606","PullRequestReviewEvent"
"459","385826453","23238955","Piraty","137503442","PullRequestEvent"
"460","385826453","47071433","daniel-eys","137503442","PullRequestEvent"
"461","577528971","2790401","dbast","41829476","IssueCommentEvent"
"462","577528971","278728","ReimarBauer","41829476","IssueCommentEvent"
"463","641290871","9574457","NejcZdovc","110198384","IssueCommentEvent"
"464","643466280","40614413","KeXu444","41881900","IssueCommentEvent"
"465","643466280","1898161","weinand","41881900","IssueCommentEvent"
"466","495057961","1239644","zharinov","76734068","PullRequestReviewEvent"
"467","495057961","1798109","viceice","76734068","PullRequestReviewEvent"
"468","495057961","1239644","zharinov","76734068","PullRequestReviewEvent"
"469","495057961","1239644","zharinov","76734068","PullRequestEvent"
"470","517703410","4601187","phunkyfish","1217614","IssueCommentEvent"
"471","578146547","1296369","brianteeman","2464908","IssueCommentEvent"
"472","578146547","12568201","jwaisner","2464908","IssueCommentEvent"
"473","578146547","12568201","jwaisner","2464908","IssueCommentEvent"
"474","578146547","368084","Quy","2464908","IssueCommentEvent"
"475","578146547","1986000","wilsonge","2464908","IssueCommentEvent"
"476","578146547","1296369","brianteeman","2464908","IssueCommentEvent"
"477","578146547","1296369","brianteeman","2464908","IssueCommentEvent"
"478","578146547","1296369","brianteeman","2464908","IssueCommentEvent"
"479","578146547","1296369","brianteeman","2464908","IssueCommentEvent"
"480","578146547","1296369","brianteeman","2464908","IssueCommentEvent"
"481","578146547","12568201","jwaisner","2464908","IssueCommentEvent"
"482","578146547","12568201","jwaisner","2464908","IssueCommentEvent"
"483","578146547","12568201","jwaisner","2464908","IssueCommentEvent"
"484","578146547","368084","Quy","2464908","IssueCommentEvent"
"485","578146547","12568201","jwaisner","2464908","IssueCommentEvent"
"486","578146547","368084","Quy","2464908","IssueCommentEvent"
"487","578146547","12568201","jwaisner","2464908","IssueCommentEvent"
"488","578146547","368084","Quy","2464908","IssueCommentEvent"
"489","578146547","12568201","jwaisner","2464908","IssueCommentEvent"
"490","355611694","32681364","sjwang90","33258973","IssueCommentEvent"
"491","544434386","463230","taylorotwell","7548986","IssueCommentEvent"
"492","643772088","49961316","mariusjohan","155220641","IssueCommentEvent"
"493","544434386","44133710","ani37","7548986","IssueCommentEvent"
"494","360839412","27816891","adrianschmutzler","45821540","PullRequestReviewCommentEvent"
"495","495454005","2843439","philipto","24410210","PullRequestEvent"
"496","504275928","8488446","Roshanjossey","68720867","PullRequestEvent"
"497","504276556","8488446","Roshanjossey","68720867","PullRequestEvent"
"498","570294718","7644598","DuskEagle","16563587","IssueCommentEvent"
"499","577262879","320553","scopatz","41829476","IssueCommentEvent"
"500","577598296","507390","pbardea","16563587","IssueCommentEvent"
"501","369732995","13802545","Hoshpak","137503442","PullRequestEvent"
"502","643786537","62039782","vscode-triage-bot","246777728","IssueCommentEvent"
"503","643786537","62039782","vscode-triage-bot","246777728","IssueCommentEvent"
"504","371649560","860073","xtraeme","137503442","PullRequestEvent"
"505","437976138","7857838","trond-snekvik","121516035","PullRequestReviewCommentEvent"
"506","437976138","35562892","thebatfisk","121516035","PullRequestReviewCommentEvent"
"507","437976138","7857838","trond-snekvik","121516035","PullRequestReviewCommentEvent"
"508","437976138","35562892","thebatfisk","121516035","PullRequestReviewCommentEvent"
"509","437976138","35562892","thebatfisk","121516035","PullRequestReviewCommentEvent"
"510","437976138","35562892","thebatfisk","121516035","PullRequestReviewCommentEvent"
"511","437976138","35562892","thebatfisk","121516035","PullRequestReviewCommentEvent"
"512","437976138","35562892","thebatfisk","121516035","PullRequestReviewCommentEvent"
"513","437976138","35562892","thebatfisk","121516035","PullRequestReviewCommentEvent"
"514","437976138","35562892","thebatfisk","121516035","PullRequestReviewCommentEvent"
"515","437976138","35562892","thebatfisk","121516035","PullRequestReviewCommentEvent"
"516","437976138","35562892","thebatfisk","121516035","PullRequestReviewCommentEvent"
"517","437976138","35562892","thebatfisk","121516035","PullRequestReviewCommentEvent"
"518","437976138","35562892","thebatfisk","121516035","PullRequestReviewCommentEvent"
"519","437976138","35562892","thebatfisk","121516035","PullRequestReviewCommentEvent"
"520","437976138","35562892","thebatfisk","121516035","PullRequestReviewCommentEvent"
"521","437976138","35562892","thebatfisk","121516035","PullRequestReviewCommentEvent"
"522","437976138","35562892","thebatfisk","121516035","PullRequestReviewCommentEvent"
"523","437976138","35562892","thebatfisk","121516035","PullRequestReviewCommentEvent"
"524","437976138","35562892","thebatfisk","121516035","PullRequestReviewCommentEvent"
"525","437976138","35562892","thebatfisk","121516035","PullRequestReviewCommentEvent"
"526","437976138","7857838","trond-snekvik","121516035","PullRequestReviewCommentEvent"
"527","437976138","7857838","trond-snekvik","121516035","PullRequestReviewCommentEvent"
"528","505424245","8488446","Roshanjossey","68720867","PullRequestEvent"
"529","643948106","62039782","vscode-triage-bot","246777728","IssueCommentEvent"
"530","627749884","24253844","joancafom","52300938","IssueCommentEvent"
"531","627749884","10006","jessehu","52300938","IssueCommentEvent"
"532","627749884","26384082","stale[bot]","52300938","IssueCommentEvent"
"533","641248029","63790625","mm-cloud-bot","102689445","IssueCommentEvent"
"534","380553471","8648854","Lauragra","45865171","PullRequestEvent"
"535","385605927","23423619","patrickvonplaten","155220641","PullRequestEvent"
"536","385605927","7353373","thomwolf","155220641","PullRequestReviewCommentEvent"
"537","385605927","23423619","patrickvonplaten","155220641","PullRequestEvent"
"538","419872509","45041955","chalsliu","65711522","PullRequestEvent"
"539","507162257","8488446","Roshanjossey","68720867","PullRequestEvent"
"540","513456250","8488446","Roshanjossey","68720867","PullRequestEvent"
"541","643492005","513398","mitchdenny","2928948","IssueCommentEvent"
"542","643759059","7687674","beratgashi","41881900","IssueCommentEvent"
"543","385690433","211513","yjbanov","39211337","PullRequestEvent"
"544","643933633","329591","wesm","51905353","IssueCommentEvent"
"545","643933633","41898282","github-actions[bot]","51905353","IssueCommentEvent"
"546","710804328","68855","viirya","17165658","IssueCommentEvent"
"547","710804328","4031291","AmplabJenkins","17165658","IssueCommentEvent"
"548","710804328","68855","viirya","17165658","IssueCommentEvent"
"549","710804328","4031291","AmplabJenkins","17165658","IssueCommentEvent"
"550","710804328","8108735","SparkQA","17165658","IssueCommentEvent"
"551","710804328","4031291","AmplabJenkins","17165658","IssueCommentEvent"
"552","710804328","4031291","AmplabJenkins","17165658","IssueCommentEvent"
"553","710804328","8108735","SparkQA","17165658","IssueCommentEvent"
"554","710804328","68855","viirya","17165658","IssueCommentEvent"
"555","710804328","4031291","AmplabJenkins","17165658","IssueCommentEvent"
"556","710804328","4031291","AmplabJenkins","17165658","IssueCommentEvent"
"557","710804328","8108735","SparkQA","17165658","IssueCommentEvent"
"558","710804328","68855","viirya","17165658","IssueCommentEvent"
"559","498624899","6313872","reporobot","15783450","PullRequestEvent"
"560","643775446","15837671","elasticmachine","7833168","IssueCommentEvent"
"561","399694753","38270282","alexr00","41881900","PullRequestEvent"
"562","441881232","4601187","phunkyfish","1217614","IssueCommentEvent"
"563","505424182","8488446","Roshanjossey","68720867","PullRequestEvent"
"564","513034272","2843439","philipto","24410210","PullRequestEvent"
"565","578132681","18193363","elad335","6520784","IssueCommentEvent"
"566","578132681","18193363","elad335","6520784","IssueCommentEvent"
"567","643466812","30635565","AaronRobinsonMSFT","210716005","IssueCommentEvent"
"568","643466812","6668460","jkotas","210716005","IssueCommentEvent"
"569","643466812","6668460","jkotas","210716005","IssueCommentEvent"
"570","643466812","30635565","AaronRobinsonMSFT","210716005","IssueCommentEvent"
"571","643466812","30635565","AaronRobinsonMSFT","210716005","IssueCommentEvent"
"572","544302414","594614","driesvints","7548986","IssueCommentEvent"
"573","544302414","594614","driesvints","7548986","IssueCommentEvent"
"574","629523673","26384082","stale[bot]","155220641","IssueCommentEvent"
"575","629523673","23423619","patrickvonplaten","155220641","IssueCommentEvent"
"576","629523673","23423619","patrickvonplaten","155220641","IssueCommentEvent"
"577","711506157","15837671","elasticmachine","7833168","IssueCommentEvent"
"578","711557774","7758522","kyle-mccarthy","16408992","IssueCommentEvent"
"579","329928928","8648854","Lauragra","45865171","PullRequestEvent"
"580","422355999","23238955","Piraty","137503442","PullRequestEvent"
"581","435167355","23238955","Piraty","137503442","PullRequestEvent"
"582","511029793","2843439","philipto","24410210","PullRequestEvent"
"583","577600344","31195272","YeskendirK","136202695","IssueCommentEvent"
"584","636138652","64883","mrmartineau","36040894","IssueCommentEvent"
"585","643619251","62039782","vscode-triage-bot","246777728","IssueCommentEvent"
"586","370635085","1287159","iantrich","38982731","PullRequestReviewCommentEvent"
"587","370635085","1287159","iantrich","38982731","PullRequestReviewCommentEvent"
"588","370635085","1287159","iantrich","38982731","PullRequestReviewCommentEvent"
"589","370635085","5662298","bramkragten","38982731","PullRequestReviewCommentEvent"
"590","370635085","1287159","iantrich","38982731","PullRequestReviewCommentEvent"
"591","370635085","1287159","iantrich","38982731","PullRequestReviewCommentEvent"
"592","370635085","18730868","zsarnett","38982731","PullRequestReviewCommentEvent"
"593","370635085","1287159","iantrich","38982731","PullRequestReviewCommentEvent"
"594","370635085","1444314","balloob","38982731","PullRequestReviewCommentEvent"
"595","370635085","1444314","balloob","38982731","PullRequestReviewCommentEvent"
"596","370635085","1444314","balloob","38982731","PullRequestReviewCommentEvent"
"597","370635085","1444314","balloob","38982731","PullRequestReviewCommentEvent"
"598","370635085","1444314","balloob","38982731","PullRequestReviewCommentEvent"
"599","370635085","18730868","zsarnett","38982731","PullRequestReviewCommentEvent"
"600","370635085","1287159","iantrich","38982731","PullRequestReviewCommentEvent"
"601","370635085","1287159","iantrich","38982731","PullRequestReviewCommentEvent"
"602","370635085","1287159","iantrich","38982731","PullRequestReviewCommentEvent"
"603","370635085","1444314","balloob","38982731","PullRequestReviewCommentEvent"
"604","370635085","1444314","balloob","38982731","PullRequestReviewCommentEvent"
"605","370635085","1444314","balloob","38982731","PullRequestReviewCommentEvent"
"606","638403453","83479","wrumsby","6093316","IssueCommentEvent"
"607","638403453","185905","elibarzilay","6093316","IssueCommentEvent"
"608","711131621","28888242","worldofpeace","4542716","IssueCommentEvent"
"609","495235305","2978994","tbenade","6093316","PullRequestEvent"
"610","418248694","23238955","Piraty","137503442","PullRequestEvent"
"611","438500480","3050060","GuillaumeGomez","724712","PullRequestEvent"
"612","455950418","48421688","ahesford","137503442","PullRequestEvent"
"613","495121549","2642209","stephentoub","35890081","PullRequestReviewEvent"
"614","360836022","860073","xtraeme","137503442","PullRequestEvent"
"615","538463521","8033598","charlielito","5108051","IssueCommentEvent"
"616","538463521","8033598","charlielito","5108051","IssueCommentEvent"
"617","398335604","6313872","reporobot","15783450","PullRequestEvent"
"618","475959233","48421688","ahesford","137503442","PullRequestEvent"
"619","577618168","51099123","LaVeyanFiend","5973855","IssueCommentEvent"
"620","385786504","6399679","MarcoFalke","1181927","PullRequestEvent"
"621","385786504","2415484","jonatack","1181927","PullRequestReviewCommentEvent"
"622","385786504","2415484","jonatack","1181927","PullRequestEvent"
"623","400986964","8648854","Lauragra","45865171","PullRequestEvent"
"624","503692259","8488446","Roshanjossey","68720867","PullRequestEvent"
"625","512410392","2843439","philipto","24410210","PullRequestEvent"
"626","513258723","2843439","philipto","24410210","PullRequestEvent"
"627","576958199","2358483","smurching","136202695","IssueCommentEvent"
"628","576958199","658597","jdlesage","136202695","IssueCommentEvent"
"629","576958199","658597","jdlesage","136202695","IssueCommentEvent"
"630","643202191","165205","lafriks","72495579","IssueCommentEvent"
"631","643202191","165205","lafriks","72495579","IssueCommentEvent"
"632","643679245","11021581","spyder-bot","30892477","IssueCommentEvent"
"633","385841757","30004048","streaksu","137503442","PullRequestEvent"
"634","385841757","30004048","streaksu","137503442","PullRequestEvent"
"635","438134903","3372342","bors","724712","PullRequestEvent"
"636","438134903","1295100","davidtwco","724712","PullRequestReviewCommentEvent"
"637","438134903","1295100","davidtwco","724712","PullRequestReviewCommentEvent"
"638","438134903","1606434","estebank","724712","PullRequestEvent"
"639","509474416","21270245","jnbr","137503442","PullRequestEvent"
"640","323286239","13802545","Hoshpak","137503442","PullRequestEvent"
"641","438302783","886074","teto","16408992","PullRequestEvent"
"642","577245677","4031291","AmplabJenkins","17165658","IssueCommentEvent"
"643","577245677","4031291","AmplabJenkins","17165658","IssueCommentEvent"
"644","577245677","8108735","SparkQA","17165658","IssueCommentEvent"
"645","577245677","13592258","huaxingao","17165658","IssueCommentEvent"
"646","577245677","4031291","AmplabJenkins","17165658","IssueCommentEvent"
"647","577245677","4031291","AmplabJenkins","17165658","IssueCommentEvent"
"648","577245677","8108735","SparkQA","17165658","IssueCommentEvent"
"649","577245677","13592258","huaxingao","17165658","IssueCommentEvent"
"650","577245677","4031291","AmplabJenkins","17165658","IssueCommentEvent"
"651","577245677","4031291","AmplabJenkins","17165658","IssueCommentEvent"
"652","577245677","8108735","SparkQA","17165658","IssueCommentEvent"
"653","577245677","4031291","AmplabJenkins","17165658","IssueCommentEvent"
"654","577245677","8108735","SparkQA","17165658","IssueCommentEvent"
"655","577245677","4031291","AmplabJenkins","17165658","IssueCommentEvent"
"656","391131637","48421688","ahesford","137503442","PullRequestEvent"
"657","360252923","1430011","rynowak","28239455","PullRequestReviewCommentEvent"
"658","360252923","1430011","rynowak","28239455","PullRequestReviewCommentEvent"
"659","360252923","1430011","rynowak","28239455","PullRequestReviewCommentEvent"
"660","360252923","1430011","rynowak","28239455","PullRequestReviewCommentEvent"
"661","360252923","3605364","Rick-Anderson","28239455","PullRequestReviewCommentEvent"
"662","360252923","1430011","rynowak","28239455","PullRequestReviewCommentEvent"
"663","360252923","1430011","rynowak","28239455","PullRequestReviewCommentEvent"
"664","360252923","1430011","rynowak","28239455","PullRequestReviewCommentEvent"
"665","360252923","1430011","rynowak","28239455","PullRequestReviewCommentEvent"
"666","360252923","1430011","rynowak","28239455","PullRequestReviewCommentEvent"
"667","360252923","1430011","rynowak","28239455","PullRequestReviewCommentEvent"
"668","493604783","1428812","iliapolo","105808767","PullRequestReviewEvent"
"669","493604783","1428812","iliapolo","105808767","PullRequestReviewEvent"
"670","493604783","1428812","iliapolo","105808767","PullRequestReviewEvent"
"671","520306822","127695","udim","50904245","IssueCommentEvent"
"672","520306822","127695","udim","50904245","IssueCommentEvent"
"673","520306822","127695","udim","50904245","IssueCommentEvent"
"674","520306822","127695","udim","50904245","IssueCommentEvent"
"675","520306822","127695","udim","50904245","IssueCommentEvent"
"676","520306822","127695","udim","50904245","IssueCommentEvent"
"677","520306822","127695","udim","50904245","IssueCommentEvent"
"678","520306822","127695","udim","50904245","IssueCommentEvent"
"679","520306822","10819857","chamikaramj","50904245","IssueCommentEvent"
"680","520306822","10819857","chamikaramj","50904245","IssueCommentEvent"
"681","520306822","127695","udim","50904245","IssueCommentEvent"
"682","520306822","127695","udim","50904245","IssueCommentEvent"
"683","520306822","10819857","chamikaramj","50904245","IssueCommentEvent"
"684","520306822","10819857","chamikaramj","50904245","IssueCommentEvent"
"685","520306822","10819857","chamikaramj","50904245","IssueCommentEvent"
"686","520306822","10819857","chamikaramj","50904245","IssueCommentEvent"
"687","520306822","10819857","chamikaramj","50904245","IssueCommentEvent"
"688","520306822","10819857","chamikaramj","50904245","IssueCommentEvent"
"689","520306822","61807","ihji","50904245","IssueCommentEvent"
"690","520306822","10819857","chamikaramj","50904245","IssueCommentEvent"
"691","520306822","10819857","chamikaramj","50904245","IssueCommentEvent"
"692","520306822","61807","ihji","50904245","IssueCommentEvent"
"693","520306822","10819857","chamikaramj","50904245","IssueCommentEvent"
"694","520306822","61807","ihji","50904245","IssueCommentEvent"
"695","643898178","6726799","gjsjohnmurray","41881900","IssueCommentEvent"
"696","495189963","7284629","johnbieren","75224144","PullRequestEvent"
"697","544568193","12445254","chaokunyang","71932349","IssueCommentEvent"
"698","544568193","12445254","chaokunyang","71932349","IssueCommentEvent"
"699","643890792","57356014","DH-Rancher","26337322","IssueCommentEvent"
"700","494928406","8358236","hengkx","34526884","PullRequestReviewCommentEvent"
"701","494928406","5378891","zombieJ","34526884","PullRequestReviewCommentEvent"
"702","494928406","8358236","hengkx","34526884","PullRequestReviewEvent"
"703","494928406","8358236","hengkx","34526884","PullRequestReviewEvent"
"704","494928406","5378891","zombieJ","34526884","PullRequestReviewEvent"
"705","494928406","8358236","hengkx","34526884","PullRequestReviewEvent"
"706","494928406","5378891","zombieJ","34526884","PullRequestReviewEvent"
"707","494928406","5378891","zombieJ","34526884","PullRequestReviewEvent"
"708","494928406","5378891","zombieJ","34526884","PullRequestReviewEvent"
"709","494928406","5378891","zombieJ","34526884","PullRequestReviewEvent"
"710","494928406","29775873","xrkffgg","34526884","PullRequestReviewEvent"
"711","577648365","47731895","tone88","102578345","IssueCommentEvent"
"712","577648365","47731895","tone88","102578345","IssueCommentEvent"
"713","577648365","6705663","EnnawYang","102578345","IssueCommentEvent"
"714","578137326","37626415","skia-flutter-autoroll","39211337","IssueCommentEvent"
"715","637621542","2806980","ravbhatnagar","39093389","IssueCommentEvent"
"716","637621542","1087595","azuresdkci","39093389","IssueCommentEvent"
"717","637621542","18218145","AutorestCI","39093389","IssueCommentEvent"
"718","438618284","323379","aloubyansky","139914932","PullRequestEvent"
"719","455798200","4601187","phunkyfish","1217614","IssueCommentEvent"
"720","500624342","8488446","Roshanjossey","68720867","PullRequestEvent"
"721","502519598","8488446","Roshanjossey","68720867","PullRequestEvent"
"722","577837888","1296369","brianteeman","2464908","IssueCommentEvent"
"723","577837888","1986000","wilsonge","2464908","IssueCommentEvent"
"724","578254436","37626415","skia-flutter-autoroll","39211337","IssueCommentEvent"
"725","465715421","3341414","chinanderm","45865171","IssueCommentEvent"
"726","465715421","35966597","kking1991","45865171","IssueCommentEvent"
"727","385138253","10186704","lolodomo","19753195","PullRequestEvent"
"728","385138253","10186704","lolodomo","19753195","PullRequestEvent"
"729","577988913","855702","Centril","724712","IssueCommentEvent"
"730","308325078","860073","xtraeme","137503442","PullRequestEvent"
"731","385229005","659035","MacArrow","45821540","PullRequestReviewCommentEvent"
"732","385229005","27816891","adrianschmutzler","45821540","PullRequestReviewCommentEvent"
"733","385229005","659035","MacArrow","45821540","PullRequestReviewCommentEvent"
"734","385229005","659035","MacArrow","45821540","PullRequestReviewCommentEvent"
"735","385229005","659035","MacArrow","45821540","PullRequestReviewCommentEvent"
"736","385229005","27816891","adrianschmutzler","45821540","PullRequestReviewCommentEvent"
"737","385229005","27816891","adrianschmutzler","45821540","PullRequestReviewCommentEvent"
"738","385229005","27816891","adrianschmutzler","45821540","PullRequestReviewCommentEvent"
"739","385229005","27816891","adrianschmutzler","45821540","PullRequestReviewCommentEvent"
"740","385229005","27816891","adrianschmutzler","45821540","PullRequestReviewCommentEvent"
"741","385229005","27816891","adrianschmutzler","45821540","PullRequestReviewCommentEvent"
"742","385229005","27816891","adrianschmutzler","45821540","PullRequestReviewCommentEvent"
"743","385229005","27816891","adrianschmutzler","45821540","PullRequestReviewCommentEvent"
"744","385229005","27816891","adrianschmutzler","45821540","PullRequestReviewCommentEvent"
"745","385229005","27816891","adrianschmutzler","45821540","PullRequestReviewCommentEvent"
"746","385846512","4564579","CyrusNajmabadi","29078997","PullRequestReviewCommentEvent"
"747","505426522","8488446","Roshanjossey","68720867","PullRequestEvent"
"748","567202703","517124","clokep","22844864","IssueCommentEvent"
"749","643685885","6726799","gjsjohnmurray","41881900","IssueCommentEvent"
"750","643720601","5378924","wuchong","20587599","IssueCommentEvent"
"751","437620630","354496","jboxman","21740844","PullRequestReviewCommentEvent"
"752","437620630","3347559","vikram-redhat","21740844","PullRequestReviewCommentEvent"
"753","643034049","18218145","AutorestCI","39093389","IssueCommentEvent"
"754","643034049","18218145","AutorestCI","39093389","IssueCommentEvent"
"755","643034049","18218145","AutorestCI","39093389","IssueCommentEvent"
"756","643034049","1087595","azuresdkci","39093389","IssueCommentEvent"
"757","385287073","232158","dubiousjim","133442384","PullRequestReviewCommentEvent"
"758","385287073","80","ry","133442384","PullRequestReviewCommentEvent"
"759","495294928","1446224","jakolehm","157166750","PullRequestEvent"
"760","495294928","1446224","jakolehm","157166750","PullRequestEvent"
"761","511020735","23238955","Piraty","137503442","PullRequestEvent"
"762","577241409","5135385","yuzefovich","16563587","IssueCommentEvent"
"763","643722885","68886","freiden","8514","IssueCommentEvent"
"764","385364263","4450522","crisbeto","49016322","PullRequestReviewCommentEvent"
"765","387469823","8648854","Lauragra","45865171","PullRequestEvent"
"766","424925318","23238955","Piraty","137503442","PullRequestEvent"
"767","456511908","2065803","Chocimier","137503442","PullRequestEvent"
"768","509740746","8488446","Roshanjossey","68720867","PullRequestEvent"
"769","422440831","13802545","Hoshpak","137503442","PullRequestEvent"
"770","436829400","21270245","jnbr","137503442","PullRequestEvent"
"771","495152842","4564579","CyrusNajmabadi","29078997","PullRequestReviewEvent"
"772","495152842","4564579","CyrusNajmabadi","29078997","PullRequestReviewEvent"
"773","361670413","6025263","UnleashedMind","145880460","PullRequestReviewCommentEvent"
"774","361670413","56042290","ammarkarachi","145880460","PullRequestReviewCommentEvent"
"775","569529597","855702","Centril","724712","IssueCommentEvent"
"776","569529597","3050060","GuillaumeGomez","724712","IssueCommentEvent"
"777","569529597","3372342","bors","724712","IssueCommentEvent"
"778","569529597","3050060","GuillaumeGomez","724712","IssueCommentEvent"
"779","569529597","3372342","bors","724712","IssueCommentEvent"
"780","569529597","1469421","kinnison","724712","IssueCommentEvent"
"781","569529597","3050060","GuillaumeGomez","724712","IssueCommentEvent"
"782","569529597","3050060","GuillaumeGomez","724712","IssueCommentEvent"
"783","476447660","2843439","philipto","24410210","PullRequestEvent"
"784","493298359","6956688","bunnei","116167731","PullRequestEvent"
"785","493298359","6956688","bunnei","116167731","PullRequestReviewEvent"
"786","493298359","712067","lioncash","116167731","PullRequestEvent"
"787","543924459","2893260","andyp1per","7512484","IssueCommentEvent"
"788","438521133","6398845","serge-rider","44662669","PullRequestEvent"
"789","438521133","61096732","SA357","44662669","PullRequestEvent"
"790","495221707","56991288","ldpliu","75224144","PullRequestEvent"
"791","544320729","731020","neilyoung","46374199","IssueCommentEvent"
"792","544320729","731020","neilyoung","46374199","IssueCommentEvent"
"793","643973956","1087595","azuresdkci","39093389","IssueCommentEvent"
"794","643973956","13545962","c-ryan-k","39093389","IssueCommentEvent"
"795","643973956","18218145","AutorestCI","39093389","IssueCommentEvent"
"796","385685394","6028184","Nekotekina","6520784","PullRequestReviewCommentEvent"
"797","385685394","6028184","Nekotekina","6520784","PullRequestReviewCommentEvent"
"798","385685394","18193363","elad335","6520784","PullRequestReviewCommentEvent"
"799","385685394","18193363","elad335","6520784","PullRequestReviewCommentEvent"
"800","385685394","6028184","Nekotekina","6520784","PullRequestReviewCommentEvent"
"801","385685394","23019877","Megamouse","6520784","PullRequestReviewCommentEvent"
"802","385685394","6028184","Nekotekina","6520784","PullRequestReviewCommentEvent"
"803","385685394","23019877","Megamouse","6520784","PullRequestReviewCommentEvent"
"804","385685394","23019877","Megamouse","6520784","PullRequestReviewCommentEvent"
"805","385685394","18193363","elad335","6520784","PullRequestReviewCommentEvent"
"806","385685394","23019877","Megamouse","6520784","PullRequestReviewCommentEvent"
"807","385685394","23019877","Megamouse","6520784","PullRequestReviewCommentEvent"
"808","385723953","23238955","Piraty","137503442","PullRequestEvent"
"809","385723953","13874853","zdykstra","137503442","PullRequestEvent"
"810","491123682","155238","nikomatsakis","724712","PullRequestReviewEvent"
"811","491123682","1295100","davidtwco","724712","PullRequestReviewEvent"
"812","491123682","155238","nikomatsakis","724712","PullRequestReviewEvent"
"813","491123682","4193035","arora-aman","724712","PullRequestReviewEvent"
"814","491123682","4193035","arora-aman","724712","PullRequestReviewEvent"
"815","491123682","4193035","arora-aman","724712","PullRequestReviewEvent"
"816","491123682","4193035","arora-aman","724712","PullRequestReviewEvent"
"817","385033252","211513","yjbanov","39211337","PullRequestEvent"
"818","385033252","211513","yjbanov","39211337","PullRequestEvent"
"819","544257819","12971179","mairaw","35890081","IssueCommentEvent"
"820","577907299","37626415","skia-flutter-autoroll","39211337","IssueCommentEvent"
"821","385455362","4564579","CyrusNajmabadi","29078997","PullRequestReviewCommentEvent"
"822","494317368","5234427","isuruf","41829476","PullRequestReviewEvent"
"823","494317368","71304884","RyanMcCarthy-NOAA","41829476","PullRequestReviewEvent"
"824","494317368","5234427","isuruf","41829476","PullRequestReviewCommentEvent"
"825","494317368","5234427","isuruf","41829476","PullRequestReviewEvent"
"826","494317368","71304884","RyanMcCarthy-NOAA","41829476","PullRequestReviewCommentEvent"
"827","494317368","320553","scopatz","41829476","PullRequestReviewCommentEvent"
"828","494317368","71304884","RyanMcCarthy-NOAA","41829476","PullRequestReviewCommentEvent"
"829","494317368","320553","scopatz","41829476","PullRequestReviewCommentEvent"
"830","495262080","6045025","sshleifer","155220641","PullRequestReviewEvent"
"831","578018169","1417888","nebril","48109239","IssueCommentEvent"
"832","710978171","29191","marshall","110198384","IssueCommentEvent"
"833","297741143","11791572","akumar39","45865171","PullRequestEvent"
"834","358556902","25588015","awkannan","27737393","PullRequestReviewCommentEvent"
"835","358556902","25588015","awkannan","27737393","PullRequestReviewCommentEvent"
"836","508371100","8488446","Roshanjossey","68720867","PullRequestEvent"
"837","577110266","7784120","Dosant","7833168","IssueCommentEvent"
"838","371218653","32832641","sneaxiy","65711522","PullRequestReviewCommentEvent"
"839","371218653","32832641","sneaxiy","65711522","PullRequestReviewCommentEvent"
"840","371218653","43953930","phlrain","65711522","PullRequestReviewCommentEvent"
"841","371218653","32832641","sneaxiy","65711522","PullRequestEvent"
"842","385616396","13602871","bartlomieju","133442384","PullRequestEvent"
"843","385616396","80","ry","133442384","PullRequestEvent"
"844","438592476","1435395","zakkak","139914932","PullRequestEvent"
"845","476187638","2843439","philipto","24410210","PullRequestEvent"
"846","499632734","8488446","Roshanjossey","68720867","PullRequestEvent"
"847","577423229","4048656","mmarchini","27193779","IssueCommentEvent"
"848","577423229","2352663","targos","27193779","IssueCommentEvent"
"849","577423229","495647","rvagg","27193779","IssueCommentEvent"
"850","577992101","1296369","brianteeman","2464908","IssueCommentEvent"
"851","637429078","2806980","ravbhatnagar","39093389","IssueCommentEvent"
"852","637429078","18218145","AutorestCI","39093389","IssueCommentEvent"
"853","637429078","1087595","azuresdkci","39093389","IssueCommentEvent"
"854","637429078","18218145","AutorestCI","39093389","IssueCommentEvent"
"855","494726414","30797606","yaakovi","60525392","PullRequestReviewCommentEvent"
"856","494726414","35098543","liorblob","60525392","PullRequestReviewCommentEvent"
"857","494726414","50324325","orlichter1","60525392","PullRequestReviewCommentEvent"
"858","494726414","35098543","liorblob","60525392","PullRequestReviewCommentEvent"
"859","494726414","50324325","orlichter1","60525392","PullRequestReviewCommentEvent"
"860","494726414","35098543","liorblob","60525392","PullRequestReviewCommentEvent"
"861","494726414","50324325","orlichter1","60525392","PullRequestReviewCommentEvent"
"862","494726414","35098543","liorblob","60525392","PullRequestReviewCommentEvent"
"863","494726414","31018228","Itay4","60525392","PullRequestReviewCommentEvent"
"864","567329301","43328388","Alvin1Zhang","65899476","IssueCommentEvent"
"865","638192991","22434689","bansalnitish","40687563","IssueCommentEvent"
"866","638192991","29057268","Hudda","40687563","IssueCommentEvent"
"867","711597674","65531","marsam","4542716","IssueCommentEvent"
"868","369445215","2065803","Chocimier","137503442","PullRequestEvent"
"869","388842628","6461412","aeschli","41881900","PullRequestEvent"
"870","438482912","155238","nikomatsakis","724712","PullRequestReviewCommentEvent"
"871","438482912","30123691","Anirban166","724712","PullRequestReviewCommentEvent"
"872","438482912","155238","nikomatsakis","724712","PullRequestReviewCommentEvent"
"873","438482912","27786","steveklabnik","724712","PullRequestReviewCommentEvent"
"874","438482912","27786","steveklabnik","724712","PullRequestReviewCommentEvent"
"875","438482912","30123691","Anirban166","724712","PullRequestEvent"
"876","471571313","29142494","AdamWr","22637619","PullRequestEvent"
"877","574749318","11790727","qiwzhang","65214191","IssueCommentEvent"
"878","574749318","6305260","mattklein123","65214191","IssueCommentEvent"
"879","639979190","18218145","AutorestCI","39093389","IssueCommentEvent"
"880","639979190","18218145","AutorestCI","39093389","IssueCommentEvent"
"881","639979190","18218145","AutorestCI","39093389","IssueCommentEvent"
"882","639979190","18218145","AutorestCI","39093389","IssueCommentEvent"
"883","639979190","40835867","dw511214992","39093389","IssueCommentEvent"
"884","639979190","18218145","AutorestCI","39093389","IssueCommentEvent"
"885","639979190","18218145","AutorestCI","39093389","IssueCommentEvent"
"886","639979190","1087595","azuresdkci","39093389","IssueCommentEvent"
"887","639979190","18218145","AutorestCI","39093389","IssueCommentEvent"
"888","385252596","1217471","cpmeister","19753195","PullRequestEvent"
"889","385252596","1217471","cpmeister","19753195","PullRequestReviewCommentEvent"
"890","385252596","8317772","rmichalak","19753195","PullRequestReviewCommentEvent"
"891","385252596","1217471","cpmeister","19753195","PullRequestReviewCommentEvent"
"892","385252596","8317772","rmichalak","19753195","PullRequestEvent"
"893","385878399","8648854","Lauragra","45865171","PullRequestEvent"
"894","385878399","8648854","Lauragra","45865171","PullRequestEvent"
"895","441953627","26833433","glenn-jocher","264818686","PullRequestEvent"
"896","544023859","1498098","rmackay9","7512484","IssueCommentEvent"
"897","544023859","1498098","rmackay9","7512484","IssueCommentEvent"
"898","395985137","8648854","Lauragra","45865171","PullRequestEvent"
"899","627602078","18218145","AutorestCI","39093389","IssueCommentEvent"
"900","627602078","18218145","AutorestCI","39093389","IssueCommentEvent"
"901","627602078","18218145","AutorestCI","39093389","IssueCommentEvent"
"902","627602078","2806980","ravbhatnagar","39093389","IssueCommentEvent"
"903","381683647","8648854","Lauragra","45865171","PullRequestEvent"
"904","385250228","1075032","pouleyKetchoupp","15634981","PullRequestReviewCommentEvent"
"905","475204979","2353635","janbar","1217614","IssueCommentEvent"
"906","495526860","4031291","AmplabJenkins","17165658","IssueCommentEvent"
"907","495526860","4031291","AmplabJenkins","17165658","IssueCommentEvent"
"908","495526860","8108735","SparkQA","17165658","IssueCommentEvent"
"909","408031091","2065803","Chocimier","137503442","PullRequestEvent"
"910","495178750","65324011","MonzElmasry","26337322","PullRequestReviewEvent"
"911","495178750","13897607","dramich","26337322","PullRequestReviewEvent"
"912","495178750","13897607","dramich","26337322","PullRequestReviewEvent"
"913","637212823","6451685","thalieht","3351871","IssueCommentEvent"
"914","637212823","42386382","xavier2k6","3351871","IssueCommentEvent"
"915","434028443","29057268","Hudda","40687563","PullRequestReviewCommentEvent"
"916","434028443","29057268","Hudda","40687563","PullRequestReviewCommentEvent"
"917","434028443","22434689","bansalnitish","40687563","PullRequestReviewCommentEvent"
"918","437722618","7373356","Johnnynator","137503442","PullRequestEvent"
"919","501036358","8488446","Roshanjossey","68720867","PullRequestEvent"
"920","642433878","6422482","facebook-github-bot","65600975","IssueCommentEvent"
"921","643950007","15837671","elasticmachine","7833168","IssueCommentEvent"
"922","395098487","2843439","philipto","24410210","PullRequestEvent"
"923","509671459","48421688","ahesford","137503442","PullRequestEvent"
"924","509917035","8488446","Roshanjossey","68720867","PullRequestEvent"
"925","577896769","20945941","dolphinpaopao","102578345","IssueCommentEvent"
"926","577896769","61112081","cyjay521","102578345","IssueCommentEvent"
"927","643734290","30052553","SpaceIm","204671232","IssueCommentEvent"
"928","643734290","54393557","conan-center-bot","204671232","IssueCommentEvent"
"929","711629130","5624721","lopsided98","4542716","IssueCommentEvent"
"930","383347382","45041955","chalsliu","65711522","PullRequestEvent"
"931","383347382","45041955","chalsliu","65711522","PullRequestEvent"
"932","383347382","45041955","chalsliu","65711522","PullRequestEvent"
"933","577367427","1575561","ayushmishra2005","724712","IssueCommentEvent"
"934","577367427","1575561","ayushmishra2005","724712","IssueCommentEvent"
"935","577846688","30199620","jonayoung2003","51478266","IssueCommentEvent"
"936","385711774","23238955","Piraty","137503442","PullRequestEvent"
"937","385711774","13874853","zdykstra","137503442","PullRequestEvent"
"938","385715450","23238955","Piraty","137503442","PullRequestEvent"
"939","385715450","13874853","zdykstra","137503442","PullRequestEvent"
"940","385859098","18730868","zsarnett","38982731","PullRequestReviewCommentEvent"
"941","385859098","18730868","zsarnett","38982731","PullRequestReviewCommentEvent"
"942","385859098","18730868","zsarnett","38982731","PullRequestReviewCommentEvent"
"943","578225220","37626415","skia-flutter-autoroll","39211337","IssueCommentEvent"
"944","641363019","63790625","mm-cloud-bot","102689445","IssueCommentEvent"
"945","641363019","63790625","mm-cloud-bot","102689445","IssueCommentEvent"
"946","641363019","1515906","Willyfrog","102689445","IssueCommentEvent"
"947","709800964","7045099","oranagra","156018","IssueCommentEvent"
"948","709800964","1128572","nykolaslima","156018","IssueCommentEvent"
"949","709800964","1128572","nykolaslima","156018","IssueCommentEvent"
"950","422327361","21270245","jnbr","137503442","PullRequestEvent"
"951","437469090","7373356","Johnnynator","137503442","PullRequestEvent"
"952","643952855","28230621","kfeinauer","1147463","IssueCommentEvent"
"953","385724553","42912128","amshamah419","60525392","PullRequestReviewCommentEvent"
"954","438534255","24275422","bmcelvee","21740844","PullRequestReviewCommentEvent"
"955","499651007","8488446","Roshanjossey","68720867","PullRequestEvent"
"956","571343035","22591623","sftim","51478266","IssueCommentEvent"
"957","571343035","22591623","sftim","51478266","IssueCommentEvent"
"958","438368223","28882257","guanshengliang","196353673","PullRequestEvent"
"959","438368223","825729","sangshuduo","196353673","PullRequestEvent"
"960","475689203","2843439","philipto","24410210","PullRequestEvent"
"961","643704513","4031291","AmplabJenkins","71932349","IssueCommentEvent"
"962","412539491","21270245","jnbr","137503442","PullRequestEvent"
"963","643423820","1931590","dbaeumer","41881900","IssueCommentEvent"
"964","643423820","1931590","dbaeumer","41881900","IssueCommentEvent"
"965","306196845","15904127","kd-11","6520784","IssueCommentEvent"
"966","327441890","13802545","Hoshpak","137503442","PullRequestEvent"
"967","353252922","2065803","Chocimier","137503442","PullRequestEvent"
"968","383769957","9796","resistor","65600975","PullRequestReviewCommentEvent"
"969","495114310","1589480","BrewTestBot","3623050","PullRequestEvent"
"970","495114310","1589480","BrewTestBot","3623050","PullRequestReviewEvent"
"971","495114310","1261954","core-code","3623050","PullRequestEvent"
"972","497566265","8488446","Roshanjossey","68720867","PullRequestEvent"
"973","577574539","1296369","brianteeman","2464908","IssueCommentEvent"
"974","577574539","1986000","wilsonge","2464908","IssueCommentEvent"
"975","577574539","368084","Quy","2464908","IssueCommentEvent"
"976","385484317","25360440","jaketae","45717250","PullRequestEvent"
"977","459235519","33488229","zloyden","22637619","PullRequestEvent"
"978","475958126","48421688","ahesford","137503442","PullRequestEvent"
"979","493785510","51362316","tmiasko","724712","PullRequestReviewEvent"
"980","493785510","332036","oli-obk","724712","PullRequestReviewEvent"
"981","493785510","51362316","tmiasko","724712","PullRequestReviewEvent"
"982","493785510","332036","oli-obk","724712","PullRequestReviewEvent"
"983","495148267","712067","lioncash","116167731","PullRequestReviewEvent"
"984","495148267","712067","lioncash","116167731","PullRequestReviewEvent"
"985","509932125","8488446","Roshanjossey","68720867","PullRequestEvent"
"986","614514275","51463426","alexgaskell10","155220641","IssueCommentEvent"
"987","614514275","13795113","ghomasHudson","155220641","IssueCommentEvent"
"988","614514275","23423619","patrickvonplaten","155220641","IssueCommentEvent"
"989","642483166","2084112","jp9000","13233158","IssueCommentEvent"
"990","642483166","838450","dodgepong","13233158","IssueCommentEvent"
"991","642483166","2084112","jp9000","13233158","IssueCommentEvent"
"992","277031228","3902676","kesselb","60243197","IssueCommentEvent"
"993","277031228","1962961","noci2012","60243197","IssueCommentEvent"
"994","438564524","8604205","gkalpak","24195339","PullRequestEvent"
"995","570849162","1996525","rollie42","6093316","IssueCommentEvent"
"996","570849162","779050","Ovilia","6093316","IssueCommentEvent"
"997","385292503","2818274","timrae","7716883","PullRequestReviewCommentEvent"
"998","385363128","860073","xtraeme","137503442","PullRequestEvent"
"999","385363128","61402","renatoaguiar","137503442","PullRequestEvent"
"1000","474875990","2065803","Chocimier","137503442","PullRequestEvent"
"1001","577550726","2019801","C-Lodder","2464908","IssueCommentEvent"
"1002","643422123","329591","wesm","51905353","IssueCommentEvent"
"1003","643422123","1721820","pitrou","51905353","IssueCommentEvent"
"1004","643422123","329591","wesm","51905353","IssueCommentEvent"
"1005","643422123","4149843","cyb70289","51905353","IssueCommentEvent"
"1006","643422123","41898282","github-actions[bot]","51905353","IssueCommentEvent"
"1007","385529159","20274488","frankwhzhang","65711522","PullRequestEvent"
"1008","385529159","45041955","chalsliu","65711522","PullRequestEvent"
"1009","495230335","68561602","johnlafleur","283046497","PullRequestReviewCommentEvent"
"1010","495230335","6246757","sherifnada","283046497","PullRequestReviewCommentEvent"
"1011","495230335","6246757","sherifnada","283046497","PullRequestReviewCommentEvent"
"1012","495162336","10522107","AlekseyTs","29078997","PullRequestReviewEvent"
"1013","495162336","10522107","AlekseyTs","29078997","PullRequestReviewEvent"
"1014","630417443","837221","mxm","50904245","IssueCommentEvent"
"1015","630417443","837221","mxm","50904245","IssueCommentEvent"
"1016","630417443","837221","mxm","50904245","IssueCommentEvent"
"1017","630417443","837221","mxm","50904245","IssueCommentEvent"
"1018","630417443","837221","mxm","50904245","IssueCommentEvent"
"1019","630417443","837221","mxm","50904245","IssueCommentEvent"
"1020","630417443","5661189","y1chi","50904245","IssueCommentEvent"
"1021","630417443","5661189","y1chi","50904245","IssueCommentEvent"
"1022","630417443","14241278","ajamato","50904245","IssueCommentEvent"
"1023","630417443","38219","angoenka","50904245","IssueCommentEvent"
"1024","630417443","5661189","y1chi","50904245","IssueCommentEvent"
"1025","361067878","583546","nosolosw","45936895","PullRequestEvent"
"1026","425417254","1617736","Manishearth","724712","PullRequestReviewCommentEvent"
"1027","425417254","1617736","Manishearth","724712","PullRequestReviewCommentEvent"
"1028","425417254","451806","crlf0710","724712","PullRequestReviewCommentEvent"
"1029","425417254","451806","crlf0710","724712","PullRequestReviewCommentEvent"
"1030","425417254","451806","crlf0710","724712","PullRequestReviewCommentEvent"
"1031","425417254","451806","crlf0710","724712","PullRequestReviewCommentEvent"
"1032","425417254","451806","crlf0710","724712","PullRequestReviewCommentEvent"
"1033","425417254","1617736","Manishearth","724712","PullRequestReviewCommentEvent"
"1034","425417254","1617736","Manishearth","724712","PullRequestReviewCommentEvent"
"1035","425417254","1617736","Manishearth","724712","PullRequestReviewCommentEvent"
"1036","425417254","1617736","Manishearth","724712","PullRequestReviewCommentEvent"
"1037","425417254","1617736","Manishearth","724712","PullRequestReviewCommentEvent"
"1038","438852981","21270245","jnbr","137503442","PullRequestEvent"
"1039","369761182","13802545","Hoshpak","137503442","PullRequestEvent"
"1040","381954681","860073","xtraeme","137503442","PullRequestEvent"
"1041","544209756","153596","StefanKarpinski","1644196","IssueCommentEvent"
"1042","544209756","153596","StefanKarpinski","1644196","IssueCommentEvent"
"1043","642752313","115237","silverwind","72495579","IssueCommentEvent"
"1044","642752313","164197","techknowlogick","72495579","IssueCommentEvent"
"1045","642752313","115237","silverwind","72495579","IssueCommentEvent"
"1046","642752313","40758597","ElXreno","72495579","IssueCommentEvent"
"1047","643934477","7412651","ViktorHofer","210716005","IssueCommentEvent"
"1048","643934477","45578709","Dotnet-GitSync-Bot","210716005","IssueCommentEvent"
"1049","422440256","23238955","Piraty","137503442","PullRequestEvent"
"1050","563652640","8049061","joelpalmer","724712","IssueCommentEvent"
"1051","566229801","4784782","jiangxb1987","17165658","IssueCommentEvent"
"1052","566229801","4031291","AmplabJenkins","17165658","IssueCommentEvent"
"1053","566229801","4031291","AmplabJenkins","17165658","IssueCommentEvent"
"1054","566229801","8108735","SparkQA","17165658","IssueCommentEvent"
"1055","566229801","3182036","cloud-fan","17165658","IssueCommentEvent"
"1056","566229801","3182036","cloud-fan","17165658","IssueCommentEvent"
"1057","384242158","5378891","zombieJ","34526884","PullRequestReviewCommentEvent"
"1058","384242158","14831261","shaodahong","34526884","PullRequestReviewCommentEvent"
"1059","384242158","5378891","zombieJ","34526884","PullRequestReviewCommentEvent"
"1060","495182160","7062409","BrianFreemanAtlanta","29078997","PullRequestReviewCommentEvent"
"1061","495182160","7062409","BrianFreemanAtlanta","29078997","PullRequestReviewEvent"
"1062","495182160","4564579","CyrusNajmabadi","29078997","PullRequestReviewEvent"
"1063","495182160","4564579","CyrusNajmabadi","29078997","PullRequestReviewCommentEvent"
"1064","495182160","4564579","CyrusNajmabadi","29078997","PullRequestReviewEvent"
"1065","495182160","4564579","CyrusNajmabadi","29078997","PullRequestReviewEvent"
"1066","495182160","4564579","CyrusNajmabadi","29078997","PullRequestReviewEvent"
"1067","577529532","8620741","dnfield","31792824","IssueCommentEvent"
"1068","578079268","8975114","jonahwilliams","31792824","IssueCommentEvent"
"1069","358756422","14154054","rakshith91","4127088","PullRequestEvent"
"1070","492382517","35539435","kwekuako","119072000","PullRequestEvent"
"1071","642699575","1931590","dbaeumer","41881900","IssueCommentEvent"
"1072","642699575","1794099","jrieken","41881900","IssueCommentEvent"
"1073","510187412","8488446","Roshanjossey","68720867","PullRequestEvent"
"1074","643128791","81045","lunny","72495579","IssueCommentEvent"
"1075","643128791","3916435","m3nu","72495579","IssueCommentEvent"
"1076","643128791","81045","lunny","72495579","IssueCommentEvent"
"1077","643128791","165205","lafriks","72495579","IssueCommentEvent"
"1078","643677095","62039782","vscode-triage-bot","246777728","IssueCommentEvent"
"1079","506251994","8488446","Roshanjossey","68720867","PullRequestEvent"
"1080","643795493","66369380","ydaiming","65600975","IssueCommentEvent"
"1081","643795493","66369380","ydaiming","65600975","IssueCommentEvent"
"1082","366327106","13802545","Hoshpak","137503442","PullRequestEvent"
"1083","438622022","4374975","geoand","139914932","PullRequestEvent"
"1084","643565246","41898282","github-actions[bot]","3791835","IssueCommentEvent"
"1085","643565246","9555491","elstoc","3791835","IssueCommentEvent"
"1086","643565246","10687765","johnny-bit","3791835","IssueCommentEvent"
"1087","643565246","9256454","urgv","3791835","IssueCommentEvent"
"1088","340171827","4060799","Xekyo","1181927","PullRequestReviewCommentEvent"
"1089","340171827","1322187","fjahr","1181927","PullRequestReviewCommentEvent"
"1090","340171827","3782274","achow101","1181927","PullRequestReviewCommentEvent"
"1091","340171827","3782274","achow101","1181927","PullRequestReviewCommentEvent"
"1092","340171827","1322187","fjahr","1181927","PullRequestReviewCommentEvent"
"1093","643713269","1312662","IllusionMH","41881900","IssueCommentEvent"
"1094","643713269","1330321","yume-chan","41881900","IssueCommentEvent"
"1095","711543060","1754002","ibuildthecloud","26337322","IssueCommentEvent"
"1096","512784748","2843439","philipto","24410210","PullRequestEvent"
"1097","385432475","5954907","awesomekling","160083795","PullRequestEvent"
"1098","385432475","35911232","shannonbooth","160083795","PullRequestEvent"
